provider_id,score
10001,0.99
10005,1
10006,1
10007,1.06
10008,0.92
10011,1.03
10012,0.97
10016,1.03
10018,1.01
10019,1.11
10021,0.95
10022,0.93
10023,1.02
10024,1.03
10029,0.92
10032,0.86
10033,0.97
10034,0.93
10035,0.96
10036,0.93
10038,0.98
10039,1.01
10040,1.04
10044,0.9
10045,0.92
10046,0.92
10047,0.91
10049,1.04
10051,0.86
10052,0.82
10055,1.03
10056,1.03
10058,1.02
10059,1
10061,0.99
10062,1.01
10065,0.98
10069,0.92
10073,0.97
10078,1.02
10079,0.96
10083,0.99
10085,1
10086,1
10087,0.94
10089,0.98
10090,0.99
10091,0.84
10092,1
10095,1.02
10097,1.03
10099,0.99
10100,0.94
10101,0.96
10102,1
10103,1
10104,1.02
10108,0.93
10109,0.85
10110,1
10112,1.06
10113,0.98
10114,1
10118,0.93
10120,0.94
10125,0.97
10126,0.96
10128,0.89
10129,0.9
10130,0.91
10131,0.98
10138,1.21
10139,1.05
10144,0.99
10146,0.91
10148,0.91
10149,0.98
10150,1.01
10157,1.12
10158,0.94
10164,1
10168,0.98
10169,0.91
10172,NA
10173,NA
11300,NA
11302,NA
11304,NA
11305,NA
13300,NA
13301,NA
20001,0.91
20006,0.76
20008,0.84
20012,0.86
20017,0.89
20018,0.81
20024,0.88
20026,0.92
21301,NA
21302,NA
21303,NA
21304,NA
21305,NA
21306,NA
21307,NA
21308,NA
21309,NA
21310,NA
21311,NA
21312,NA
21313,NA
21314,NA
30001,0.93
30002,0.98
30006,1
30007,1
30010,1.05
30011,1.02
30012,0.98
30013,0.99
30014,1.01
30016,0.95
30022,1.02
30023,0.96
30024,1
30030,1.01
30033,0.86
30036,1
30037,0.98
30038,1.02
30043,0.94
30055,0.93
30061,0.93
30062,0.9
30064,0.98
30065,0.99
30068,0.88
30069,0.9
30071,0.71
30073,0.84
30074,NA
30077,0.85
30078,0.7
30083,0.98
30084,0.62
30085,0.99
30087,1.02
30088,0.98
30089,1.01
30092,1
30093,0.94
30094,1.02
30101,0.9
30103,0.93
30105,1.01
30107,0.9
30108,0.86
30110,0.93
30111,0.91
30112,1.09
30113,0.71
30114,0.99
30115,0.93
30117,0.88
30119,1
30120,1.08
30121,1.03
30122,0.98
30123,0.96
30130,0.87
30131,0.97
30132,1.15
30134,0.81
30136,NA
30137,0.91
31300,NA
31301,NA
31302,NA
31304,NA
31305,NA
31307,NA
31308,NA
31309,NA
31311,NA
31312,NA
31313,NA
31314,NA
31315,NA
31317,NA
33301,NA
33302,NA
33303,NA
40001,1.01
40002,1
40004,1.01
40007,1.01
40010,0.96
40011,0.83
40014,0.98
40015,1.15
40016,1.01
40017,0.88
40018,0.99
40019,0.89
40020,1.04
40022,0.98
40026,0.96
40027,1
40029,0.99
40036,1.02
40039,1.04
40041,1
40047,1.03
40050,1.06
40051,0.86
40055,1.03
40062,1.03
40067,1.11
40069,0.89
40071,1.09
40072,0.92
40074,1.24
40076,0.87
40078,1.04
40084,1
40085,0.74
40088,1.05
40114,1.01
40118,1
40119,0.96
40132,NA
40134,0.93
40137,1.06
40147,0.92
40152,1
40153,0.94
40154,0.85
41300,NA
41302,NA
41303,NA
41304,NA
41305,NA
41306,NA
41307,NA
41308,NA
41309,NA
41310,NA
41311,NA
41312,NA
41313,NA
41314,NA
41316,NA
41317,NA
41318,NA
41319,NA
41320,NA
41321,NA
41322,NA
41323,NA
41324,NA
41326,NA
41327,NA
41328,NA
41329,NA
41330,NA
41331,NA
43300,NA
50002,1.07
50006,0.93
50007,0.93
50008,0.97
50009,0.91
50013,0.92
50014,0.96
50017,0.94
50018,1.12
50022,1.03
50024,1.11
50025,1.01
50026,1.01
50028,0.92
50030,0.82
50036,1
50038,1
50039,0.97
50040,0.86
50042,0.88
50043,1.01
50045,0.93
50047,0.92
50054,1.12
50055,0.91
50056,0.97
50057,0.95
50058,1.11
50060,1
50063,1.13
50067,0.89
50069,0.99
50070,0.79
50071,0.86
50072,0.8
50073,0.75
50075,0.93
50076,0.85
50077,1.03
50078,1.06
50082,0.99
50084,0.97
50089,1.09
50090,0.92
50091,0.99
50093,0.99
50096,1.44
50099,1.01
50100,0.99
50101,1
50102,1.2
50103,1.03
50104,1.07
50107,0.9
50108,0.96
50110,0.9
50112,1.01
50113,1.01
50115,1.03
50116,1.03
50118,0.93
50121,0.9
50122,0.99
50124,1.07
50125,0.95
50126,1.09
50127,0.93
50128,1
50129,1.06
50131,0.94
50132,1.2
50133,0.95
50135,1.21
50136,0.96
50137,0.78
50138,0.88
50139,0.84
50140,0.92
50145,0.92
50149,0.99
50150,0.92
50152,0.98
50153,1.01
50158,1.08
50159,0.98
50167,0.97
50168,1.04
50169,0.97
50174,0.97
50179,0.97
50180,0.98
50189,0.9
50191,1.06
50192,0.88
50194,0.94
50195,0.95
50197,0.96
50204,0.98
50205,1.4
50211,1.13
50222,0.95
50224,0.98
50225,0.87
50226,1.11
50228,0.96
50230,1.06
50231,1.01
50232,0.92
50234,0.86
50235,1.04
50236,0.99
50238,1.07
50239,1.03
50242,0.98
50243,0.97
50245,1.07
50248,1
50254,0.92
50257,0.89
50261,0.99
50262,0.98
50272,0.95
50276,0.94
50278,1.02
50279,0.87
50280,0.96
50281,1.27
50283,0.98
50289,0.97
50290,0.95
50291,0.94
50292,0.94
50295,1.01
50296,0.88
50298,0.96
50300,0.99
50301,0.87
50305,1.01
50308,1.02
50309,0.94
50313,0.99
50315,1.02
50320,1.12
50324,0.99
50327,1.01
50329,1.1
50334,1.03
50335,0.86
50336,0.92
50342,0.9
50348,1
50350,1.08
50351,0.97
50352,0.88
50353,0.99
50357,0.94
50359,0.97
50360,0.99
50367,0.99
50373,0.92
50376,1
50378,1.02
50380,1.02
50382,1.14
50390,1.05
50393,1.09
50394,0.96
50396,1
50397,0.67
50407,0.83
50411,0.84
50414,0.92
50417,0.85
50423,0.96
50424,0.95
50425,0.82
50426,1.08
50438,0.97
50441,1
50444,0.92
50454,0.98
50455,0.98
50457,0.93
50464,0.98
50468,1.22
50471,0.99
50481,1.02
50485,1.02
50488,1.04
50492,1.04
50496,0.97
50498,0.94
50502,1.03
50503,0.99
50506,0.98
50510,0.86
50512,0.84
50515,0.76
50516,0.94
50517,0.95
50523,0.94
50526,1.14
50528,0.87
50534,0.97
50537,0.88
50541,0.9
50543,0.97
50546,NA
50547,NA
50548,NA
50549,1
50551,1.07
50552,NA
50557,0.96
50561,0.93
50567,0.97
50568,0.97
50570,1.07
50573,0.95
50580,1.07
50581,1.14
50586,0.89
50588,1.11
50589,1.12
50590,0.87
50597,1.09
50599,0.95
50603,0.97
50604,0.8
50608,0.93
50609,0.85
50616,0.97
50624,1.03
50625,1.02
50633,0.94
50636,1.01
50641,1.1
50663,1.22
50668,NA
50674,0.9
50677,0.75
50678,1.02
50684,1.06
50686,0.89
50688,0.97
50689,0.95
50690,0.81
50696,0.97
50697,0.83
50701,1
50704,1.2
50708,0.9
50709,0.9
50710,0.77
50714,0.91
50717,0.93
50723,0.79
50724,0.98
50726,0.9
50727,1.15
50735,1.27
50736,0.98
50737,1.09
50738,1.46
50739,1.03
50740,1.04
50742,1.14
50744,1.31
50745,1.2
50746,1.11
50747,1.32
50748,0.85
50751,1.55
50754,0.89
50755,1.05
50757,1.04
50758,1.08
50760,0.84
50761,1
50763,1.41
50764,0.93
50765,0.87
50766,0.89
50767,0.77
50769,0.95
50770,0.94
50771,1.12
50772,0.84
50773,1.06
50775,0.95
50776,1.22
50777,0.9
50778,NA
50779,0.96
50780,1.37
50781,NA
50782,1.09
51300,NA
51301,NA
51302,NA
51303,NA
51304,NA
51305,NA
51306,NA
51307,NA
51308,NA
51309,NA
51310,NA
51311,NA
51312,NA
51314,NA
51315,NA
51316,NA
51317,NA
51318,NA
51319,NA
51320,NA
51321,NA
51323,NA
51324,NA
51325,NA
51326,NA
51327,NA
51328,NA
51329,NA
51330,NA
51331,NA
51332,NA
51333,NA
51334,NA
51335,NA
53300,NA
53301,NA
53302,NA
53303,NA
53304,NA
53305,NA
53306,NA
53308,NA
53309,NA
53310,NA
53311,NA
60001,1.03
60003,1.01
60004,0.95
60006,0.97
60008,0.92
60009,0.94
60010,0.92
60011,0.93
60012,1.01
60013,0.95
60014,1.04
60015,1.03
60016,0.93
60020,0.97
60022,1.01
60023,0.99
60024,0.97
60027,0.99
60028,0.97
60030,1.01
60031,1
60032,0.99
60034,1.05
60043,NA
60044,0.95
60049,0.85
60054,0.95
60064,0.94
60065,1
60071,0.89
60075,1.08
60076,0.91
60096,0.89
60100,1.05
60103,0.96
60104,0.91
60107,NA
60112,0.97
60113,1
60114,0.97
60116,0.95
60117,0.95
60118,0.93
60119,1.01
60124,0.89
60125,0.99
60126,1.04
60127,NA
61300,NA
61301,NA
61302,NA
61303,NA
61304,NA
61305,NA
61306,NA
61307,NA
61308,NA
61309,NA
61310,NA
61311,NA
61312,NA
61313,NA
61314,NA
61315,NA
61316,NA
61317,NA
61318,NA
61319,NA
61320,NA
61321,NA
61322,NA
61323,NA
61324,NA
61325,NA
61326,NA
61327,NA
61328,NA
63301,NA
70002,1.02
70003,1.09
70004,0.9
70005,1
70006,1.05
70007,1.03
70008,1.03
70010,1.02
70011,1.02
70012,0.92
70016,0.99
70017,1.03
70018,1.04
70019,1.03
70020,1
70021,0.98
70022,1
70024,1
70025,0.99
70027,0.98
70028,1.05
70029,1.02
70031,1.02
70033,1.02
70034,0.97
70035,1
70036,0.99
70038,NA
70039,0.98
70040,0.88
73300,NA
80001,1
80003,1.06
80004,1.03
80006,0.97
80007,0.97
80009,1.03
83300,NA
90001,0.99
90003,0.93
90004,1.01
90005,0.96
90006,1.04
90008,1.02
90011,1.01
93300,NA
100001,0.98
100002,1.11
100006,1.01
100007,1.02
100008,1.01
100009,1.05
100012,1.03
100014,0.98
100017,1.06
100018,1.04
100019,1.05
100022,1.02
100023,1.04
100025,1.03
100026,1.06
100028,0.99
100029,1.13
100030,1.02
100032,1.1
100034,1.03
100035,1.09
100038,1.06
100039,1.07
100040,0.99
100043,1.07
100044,1.05
100045,1.01
100046,1
100047,1.02
100048,0.99
100049,1.01
100050,1.12
100051,0.96
100052,1.08
100053,1.14
100054,0.96
100055,1.04
100057,0.98
100062,1.04
100063,1.1
100067,1.04
100068,1.04
100069,1.05
100070,1.06
100071,1.05
100072,1.04
100073,1.06
100075,1.02
100077,1.03
100080,1.05
100081,1.08
100084,1.01
100086,1.06
100087,1.04
100088,1.02
100090,0.98
100092,1.02
100093,0.99
100099,0.99
100102,1.02
100105,1.07
100106,1.04
100107,0.95
100109,1.02
100110,1
100113,1.03
100117,1
100118,1.01
100121,1.04
100122,0.97
100124,0.97
100125,1.02
100126,1.07
100127,1.04
100128,1
100130,0.98
100131,1.06
100132,1.03
100134,0.93
100135,1.01
100137,0.99
100140,0.92
100142,1
100150,0.98
100151,0.96
100154,1.02
100156,1.02
100157,0.98
100161,1
100166,1.05
100167,1.05
100168,1.04
100173,1.09
100175,1
100176,1.06
100177,0.98
100179,1.03
100180,1.05
100181,1.08
100183,1.11
100187,1.15
100189,1.06
100191,1.06
100200,1.06
100204,1
100206,1.02
100209,1.04
100211,1.05
100212,1.04
100213,1.04
100217,0.97
100220,1.05
100223,1.03
100224,1.11
100226,1.06
100228,1.06
100230,1.02
100231,0.98
100232,1.02
100236,1.03
100238,1.1
100240,NA
100242,1.08
100243,0.98
100244,1.06
100246,1.05
100248,1.09
100249,1.04
100252,0.99
100253,1.01
100254,1.05
100255,1.02
100256,1.02
100258,1.11
100259,1.01
100260,1.03
100264,1.03
100265,1.06
100266,1
100267,1.04
100268,1.06
100269,1.01
100275,1.07
100276,1.02
100277,0.85
100281,1.03
100284,1.12
100285,1.01
100286,0.97
100287,1.07
100288,1.14
100289,0.93
100290,0.99
100291,1.09
100292,0.97
100296,1.05
100298,NA
100299,1.02
100302,1.05
100307,0.96
100313,0.97
100314,0.93
100315,0.96
100316,1.02
100319,0.94
100320,0.92
100321,0.96
100322,0.98
100327,NA
100328,NA
100329,NA
101300,NA
101301,NA
101302,NA
101303,NA
101304,NA
101305,NA
101307,NA
101308,NA
101309,NA
101310,NA
101311,NA
101312,NA
101313,NA
103300,NA
103301,NA
103303,NA
103304,NA
110001,0.9
110002,0.99
110003,0.96
110005,0.93
110006,0.99
110007,0.94
110008,0.97
110010,0.96
110011,1.01
110015,0.94
110016,0.96
110018,0.98
110023,0.89
110024,1.02
110025,0.94
110026,0.9
110027,1.05
110028,1.01
110029,0.93
110030,0.97
110031,1.02
110032,1.01
110034,1.03
110035,1
110036,0.98
110038,0.97
110039,1.01
110040,0.95
110041,0.97
110042,0.9
110043,0.99
110044,0.94
110045,0.9
110046,1
110050,0.86
110051,0.89
110054,1.05
110064,1.05
110069,0.97
110071,0.94
110073,0.91
110074,0.92
110075,1
110076,1.04
110078,0.98
110079,0.95
110082,0.93
110083,0.96
110086,0.89
110087,0.97
110089,0.95
110091,0.98
110092,0.99
110095,0.93
110100,0.82
110101,0.84
110104,0.85
110105,0.97
110107,1.02
110109,0.9
110111,0.88
110113,0.72
110115,1.06
110121,0.79
110122,1
110124,1
110125,0.96
110128,0.97
110129,1.02
110130,0.84
110132,0.79
110135,1.03
110142,0.82
110143,1.01
110146,0.92
110150,0.96
110153,0.9
110161,0.98
110164,0.96
110165,0.94
110168,0.94
110177,1
110184,0.92
110187,0.89
110189,0.92
110190,NA
110191,0.97
110192,1.06
110194,0.84
110198,1.05
110200,0.97
110201,0.99
110209,1.29
110215,0.96
110225,0.89
110226,0.92
110229,0.95
110230,0.92
110233,1.13
110234,1.04
110236,0.8
111300,NA
111302,NA
111303,NA
111304,NA
111305,NA
111306,NA
111308,NA
111310,NA
111311,NA
111312,NA
111313,NA
111314,NA
111316,NA
111318,NA
111319,NA
111320,NA
111323,NA
111324,NA
111325,NA
111326,NA
111327,NA
111328,NA
111329,NA
111330,NA
111331,NA
111332,NA
111333,NA
111334,NA
111335,NA
111336,NA
113300,NA
113301,NA
120001,0.96
120002,0.88
120004,0.82
120005,0.89
120006,0.89
120007,0.97
120011,0.81
120014,0.85
120019,0.89
120022,0.94
120026,0.93
120028,0.88
121300,NA
121301,NA
121302,NA
121303,NA
121304,NA
121305,NA
121306,NA
121307,NA
121308,NA
123300,NA
123301,NA
130002,0.95
130003,0.99
130006,0.93
130007,0.97
130013,0.9
130014,0.95
130018,1
130025,1.03
130028,0.97
130049,1.04
130063,0.89
130065,0.99
130066,0.93
130067,NA
131301,NA
131302,NA
131303,NA
131304,NA
131305,NA
131307,NA
131308,NA
131309,NA
131310,NA
131311,NA
131312,NA
131313,NA
131314,NA
131315,NA
131316,NA
131317,NA
131318,NA
131319,NA
131320,NA
131321,NA
131322,NA
131323,NA
131324,NA
131325,NA
131326,NA
131327,NA
131328,NA
140001,0.95
140002,0.92
140007,1.06
140008,1.03
140010,1.05
140011,1
140012,0.91
140013,0.96
140015,0.97
140018,0.99
140019,0.98
140029,1.07
140030,1.03
140032,0.95
140033,NA
140034,0.93
140040,0.99
140043,0.97
140046,0.99
140048,1.02
140049,0.98
140052,0.98
140053,1
140054,1.03
140058,0.91
140059,1.1
140062,1.02
140063,0.99
140064,0.99
140065,1.09
140067,0.96
140068,1.01
140077,1
140080,1.09
140082,1.13
140083,1.03
140084,1.04
140088,1.05
140089,0.99
140091,0.96
140093,1
140095,1.06
140100,1.29
140101,1
140103,1
140110,0.98
140113,1
140114,1.05
140115,1.01
140116,1.03
140117,1.16
140118,1.02
140119,0.99
140120,0.99
140122,1.08
140124,0.83
140125,0.98
140127,0.92
140130,0.98
140133,1.07
140135,0.98
140137,0.88
140143,1.03
140145,0.96
140147,0.94
140148,0.99
140150,1.02
140155,0.96
140158,0.97
140160,1.04
140161,0.92
140162,0.97
140164,1.02
140166,0.96
140167,0.96
140172,0.99
140174,1.01
140176,1.01
140177,1.07
140179,1.02
140180,1.02
140181,1
140182,0.98
140184,0.95
140185,0.95
140186,1.06
140187,0.97
140189,0.94
140191,1.02
140197,1.03
140200,1.05
140202,1.03
140206,1.05
140208,1.05
140209,0.95
140210,0.91
140211,1.06
140213,1.05
140217,1.1
140223,1.05
140224,1.02
140228,1.01
140231,0.99
140233,1.03
140234,0.95
140239,1
140240,1.09
140242,1.04
140250,1
140251,1.12
140252,1.08
140258,1.11
140275,0.93
140276,1
140280,0.95
140281,0.97
140286,1
140288,1.04
140289,0.97
140290,1.16
140291,1.01
140292,1.1
140294,0.93
140300,0.75
140304,1.06
140307,0.9
141300,NA
141301,NA
141302,NA
141303,NA
141304,NA
141305,NA
141306,NA
141307,NA
141308,NA
141309,NA
141310,NA
141311,NA
141312,NA
141313,NA
141315,NA
141316,NA
141317,NA
141318,NA
141319,NA
141320,NA
141321,NA
141322,NA
141323,NA
141324,NA
141325,NA
141326,NA
141327,NA
141328,NA
141329,NA
141330,NA
141331,NA
141332,NA
141333,NA
141334,NA
141335,NA
141336,NA
141337,NA
141338,NA
141339,NA
141340,NA
141341,NA
141342,NA
141343,NA
141344,NA
141345,NA
141346,NA
141347,NA
141348,NA
141349,NA
141350,NA
141351,NA
143300,NA
143301,NA
143302,NA
150001,1.1
150002,1.08
150004,1.06
150005,0.94
150006,0.94
150007,1.04
150008,1.15
150009,1
150010,1.05
150011,0.98
150012,0.99
150015,1.01
150017,1.03
150018,0.94
150021,1.01
150022,0.95
150023,1.01
150024,0.97
150026,0.97
150030,0.98
150034,1.03
150035,1.03
150037,1.01
150042,1.09
150044,1.01
150045,0.99
150046,1.05
150047,0.99
150048,0.99
150051,1.03
150056,1.03
150057,0.97
150058,0.96
150059,1.06
150061,1.16
150064,1
150065,0.93
150069,0.92
150072,0.99
150074,1.02
150075,0.92
150076,0.98
150082,1.04
150084,1.03
150086,0.98
150088,1
150089,0.97
150090,1.03
150091,0.93
150097,1.04
150100,1
150101,0.9
150102,0.89
150104,0.97
150109,0.99
150112,0.96
150113,0.98
150115,0.95
150125,1.13
150126,1.05
150128,1.02
150133,0.96
150146,1.02
150149,1.08
150150,1.02
150153,0.96
150157,0.97
150158,0.99
150160,0.91
150161,1
150162,1.01
150165,1
150166,1.19
150167,0.93
150168,0.94
150169,1.09
150172,1
150173,1.02
150175,1.02
150176,1.06
150177,1.26
150179,0.81
150181,0.94
150182,0.98
150183,1.09
151300,NA
151301,NA
151302,NA
151303,NA
151304,NA
151305,NA
151306,NA
151307,NA
151308,NA
151309,NA
151310,NA
151311,NA
151312,NA
151313,NA
151314,NA
151315,NA
151316,NA
151317,NA
151318,NA
151319,NA
151320,NA
151322,NA
151323,NA
151324,NA
151325,NA
151326,NA
151327,NA
151328,NA
151329,NA
151330,NA
151331,NA
151332,NA
151333,NA
151334,NA
151335,NA
160001,0.85
160005,0.9
160008,0.96
160013,0.87
160016,0.92
160024,0.85
160028,0.87
160029,0.85
160030,0.95
160032,0.94
160033,0.96
160040,0.98
160045,0.93
160047,0.94
160057,0.89
160058,1
160064,0.93
160067,0.98
160069,0.91
160079,0.89
160080,0.94
160082,0.92
160083,0.94
160089,0.96
160101,0.96
160104,0.9
160110,0.94
160112,0.87
160117,0.97
160122,0.84
160124,0.93
160146,0.96
160147,0.85
160153,1
161300,NA
161301,NA
161302,NA
161303,NA
161304,NA
161305,NA
161306,NA
161307,NA
161308,NA
161309,NA
161310,NA
161311,NA
161312,NA
161313,NA
161314,NA
161315,NA
161316,NA
161317,NA
161318,NA
161319,NA
161320,NA
161321,NA
161322,NA
161323,NA
161324,NA
161325,NA
161326,NA
161327,NA
161328,NA
161329,NA
161330,NA
161331,NA
161332,NA
161333,NA
161334,NA
161335,NA
161336,NA
161337,NA
161338,NA
161339,NA
161340,NA
161341,NA
161342,NA
161343,NA
161344,NA
161345,NA
161346,NA
161347,NA
161348,NA
161349,NA
161350,NA
161351,NA
161352,NA
161353,NA
161354,NA
161355,NA
161356,NA
161357,NA
161358,NA
161359,NA
161360,NA
161361,NA
161362,NA
161363,NA
161364,NA
161365,NA
161366,NA
161367,NA
161368,NA
161369,NA
161370,NA
161371,NA
161372,NA
161373,NA
161374,NA
161375,NA
161376,NA
161377,NA
161378,NA
161379,NA
161380,NA
161381,NA
170006,0.99
170009,0.88
170012,1.05
170013,1.01
170014,0.94
170016,0.98
170017,0.91
170020,0.93
170023,1.02
170027,0.96
170039,0.83
170040,0.98
170049,0.97
170058,0.92
170068,0.97
170074,0.97
170075,0.78
170086,1
170094,0.82
170103,0.92
170104,1.01
170105,0.95
170109,0.87
170110,0.79
170120,0.91
170122,1
170123,1.03
170133,0.91
170137,0.93
170142,0.97
170145,0.93
170146,0.94
170150,0.88
170166,0.88
170175,0.94
170176,1.04
170182,1.02
170183,0.93
170185,0.97
170186,0.93
170187,0.93
170188,0.93
170190,0.85
170191,1
170194,0.97
170196,0.97
170197,0.93
170198,0.87
170199,NA
170200,0.91
170201,2.63
170203,0.93
171300,NA
171301,NA
171302,NA
171303,NA
171304,NA
171306,NA
171307,NA
171308,NA
171309,NA
171310,NA
171311,NA
171312,NA
171313,NA
171314,NA
171315,NA
171316,NA
171317,NA
171318,NA
171319,NA
171320,NA
171321,NA
171322,NA
171323,NA
171324,NA
171325,NA
171326,NA
171327,NA
171328,NA
171329,NA
171330,NA
171331,NA
171332,NA
171333,NA
171334,NA
171335,NA
171336,NA
171337,NA
171338,NA
171339,NA
171340,NA
171341,NA
171342,NA
171343,NA
171344,NA
171345,NA
171346,NA
171347,NA
171348,NA
171349,NA
171350,NA
171351,NA
171352,NA
171353,NA
171354,NA
171355,NA
171356,NA
171357,NA
171358,NA
171359,NA
171360,NA
171361,NA
171362,NA
171363,NA
171364,NA
171365,NA
171366,NA
171367,NA
171368,NA
171369,NA
171370,NA
171371,NA
171372,NA
171373,NA
171374,NA
171375,NA
171376,NA
171377,NA
171378,NA
171379,NA
171380,NA
171381,NA
171382,NA
171383,NA
171384,NA
173300,NA
180001,1
180002,0.89
180004,0.9
180005,0.97
180009,0.97
180010,0.98
180011,0.94
180012,0.96
180013,1.04
180016,0.93
180017,1.01
180018,0.95
180019,0.94
180020,0.88
180021,0.84
180024,0.99
180025,0.93
180027,0.97
180029,0.96
180035,1.02
180036,0.96
180038,0.99
180040,0.99
180043,0.86
180044,0.96
180045,1.04
180046,0.99
180048,0.94
180049,1.02
180050,0.91
180051,1.02
180053,0.87
180056,1.07
180064,0.99
180066,0.91
180067,1.04
180069,0.85
180070,0.94
180078,0.89
180079,1.07
180080,0.99
180087,1.04
180088,1.01
180092,0.97
180093,1.01
180095,1.06
180101,0.96
180102,0.97
180103,1.04
180104,1
180105,0.98
180106,1.03
180115,0.92
180116,1.05
180124,0.97
180127,1
180128,0.98
180130,0.99
180132,0.97
180138,0.88
180139,0.91
180141,1.02
180143,0.94
180149,NA
181301,NA
181302,NA
181304,NA
181305,NA
181306,NA
181307,NA
181308,NA
181309,NA
181310,NA
181311,NA
181312,NA
181314,NA
181315,NA
181316,NA
181317,NA
181318,NA
181319,NA
181320,NA
181321,NA
181322,NA
181323,NA
181324,NA
181325,NA
181327,NA
181328,NA
181329,NA
181330,NA
181331,NA
190002,1.04
190004,1
190005,0.94
190006,0.99
190007,1.12
190008,1.01
190011,1.1
190013,1.04
190014,1.12
190015,1.13
190017,1.12
190019,1.04
190020,1.02
190025,1.18
190026,1.08
190027,1.03
190034,1.02
190036,0.96
190039,1.04
190040,0.95
190041,1.07
190044,1.01
190045,1.01
190046,1
190050,1.05
190053,1.05
190054,1.13
190060,1
190064,1.03
190065,0.99
190079,0.94
190081,0.99
190086,1.14
190088,0.93
190090,1.08
190098,1.05
190099,1.12
190102,1.07
190106,0.99
190111,1.07
190114,1.11
190116,1.07
190118,1.16
190125,1.05
190128,1.05
190133,1.01
190140,1.04
190144,1.14
190145,0.91
190146,0.98
190151,1
190160,1.03
190164,1.05
190167,1.12
190176,0.95
190177,1.06
190183,0.94
190184,1
190190,0.84
190199,NA
190201,0.92
190202,1.04
190204,0.97
190205,NA
190208,0.91
190218,1.1
190236,1.21
190241,0.91
190242,1.06
190245,1.04
190246,1.06
190251,0.95
190255,0.91
190256,NA
190259,1.09
190263,0.95
190266,1.03
190267,NA
190268,1.01
190270,1.01
190274,0.95
190278,0.96
190297,1.17
190298,0.99
190300,NA
190302,NA
190303,1.3
190307,NA
190308,1.07
190312,1.01
190313,1.22
191300,NA
191301,NA
191302,NA
191303,NA
191304,NA
191305,NA
191306,NA
191307,NA
191308,NA
191309,NA
191310,NA
191311,NA
191312,NA
191313,NA
191314,NA
191315,NA
191316,NA
191317,NA
191318,NA
191319,NA
191320,NA
191321,NA
191322,NA
191323,NA
191324,NA
191325,NA
191326,NA
193300,NA
193301,NA
200001,0.94
200008,0.99
200009,1
200018,0.93
200019,0.95
200020,0.97
200021,0.95
200024,0.98
200031,0.85
200033,1.02
200034,1.02
200037,0.94
200039,0.98
200041,1.01
200050,0.91
200052,0.85
200063,0.93
201300,NA
201301,NA
201302,NA
201303,NA
201304,NA
201305,NA
201306,NA
201307,NA
201308,NA
201309,NA
201310,NA
201311,NA
201312,NA
201313,NA
201314,NA
201315,NA
210001,NA
210002,NA
210003,NA
210004,NA
210005,NA
210006,NA
210008,NA
210009,NA
210011,NA
210012,NA
210013,NA
210015,NA
210016,NA
210017,NA
210018,NA
210019,NA
210022,NA
210023,NA
210024,NA
210027,NA
210028,NA
210029,NA
210030,NA
210032,NA
210033,NA
210034,NA
210035,NA
210037,NA
210038,NA
210039,NA
210040,NA
210043,NA
210044,NA
210045,NA
210048,NA
210049,NA
210051,NA
210055,NA
210056,NA
210057,NA
210058,NA
210060,NA
210061,NA
210062,NA
210063,NA
210064,NA
210065,NA
213300,NA
213301,NA
220001,0.98
220002,0.98
220008,1.02
220010,1.02
220011,0.99
220012,1.02
220015,1
220016,0.93
220017,1.02
220019,1.01
220020,1
220024,0.98
220029,1.05
220030,0.95
220031,1
220033,1
220035,0.97
220036,1.05
220046,1.03
220049,0.97
220052,0.96
220058,1.1
220060,1
220062,0.86
220063,0.99
220065,0.97
220066,1.02
220070,1.06
220071,1.02
220073,0.97
220074,1.01
220075,0.97
220077,1
220080,1.04
220083,0.97
220084,0.97
220086,1
220088,1.01
220090,1
220095,1.07
220098,0.98
220100,1
220101,0.98
220105,0.99
220108,0.98
220110,1.02
220111,1.03
220116,1.03
220119,0.96
220126,0.99
220135,0.97
220163,1.05
220171,1
220175,1.02
220176,1.05
220177,0.73
221300,NA
221302,NA
221303,NA
223300,NA
223302,NA
223303,NA
223304,NA
230002,0.98
230003,0.86
230005,0.91
230013,0.87
230015,0.89
230017,0.94
230019,0.95
230020,1.03
230021,0.96
230022,0.97
230024,1
230029,0.98
230030,0.98
230031,0.9
230035,0.88
230036,0.98
230037,0.95
230038,0.96
230040,0.83
230041,0.99
230046,0.98
230047,1.05
230053,1
230054,0.99
230055,0.95
230058,0.91
230059,0.95
230066,0.95
230069,0.91
230070,1
230071,1.13
230072,0.89
230075,0.99
230077,0.97
230078,0.86
230080,0.97
230081,0.87
230085,0.91
230089,0.96
230092,0.94
230093,0.86
230095,0.94
230096,0.98
230097,0.91
230099,0.99
230100,0.93
230104,1.01
230105,0.94
230108,0.9
230110,0.91
230117,0.93
230118,0.86
230121,0.93
230130,1
230132,0.98
230133,0.87
230141,0.97
230142,1
230144,0.95
230146,1.04
230151,1.05
230156,0.95
230165,0.99
230167,0.94
230174,1.02
230176,1
230180,0.88
230193,0.94
230195,1.02
230197,0.97
230207,1
230208,1.04
230216,0.93
230217,0.89
230222,0.91
230227,0.96
230230,0.97
230236,0.94
230239,0.87
230241,0.89
230244,1.01
230254,1.04
230259,0.89
230264,NA
230269,0.98
230270,1.06
230273,1.03
230275,0.76
230277,1.02
230279,0.74
230297,1.01
230301,1.34
230302,0.98
230303,0.85
231300,NA
231301,NA
231303,NA
231304,NA
231305,NA
231306,NA
231307,NA
231308,NA
231309,NA
231310,NA
231311,NA
231312,NA
231313,NA
231314,NA
231315,NA
231316,NA
231317,NA
231318,NA
231319,NA
231320,NA
231321,NA
231322,NA
231323,NA
231324,NA
231325,NA
231326,NA
231327,NA
231328,NA
231329,NA
231330,NA
231331,NA
231332,NA
231333,NA
231334,NA
231337,NA
231338,NA
233300,NA
240001,0.93
240002,0.97
240004,0.95
240006,0.81
240010,0.97
240014,0.87
240018,0.89
240019,1.02
240020,0.87
240022,0.88
240030,0.88
240036,0.96
240038,0.95
240040,1.01
240043,0.88
240044,0.86
240047,1.01
240050,0.82
240052,0.88
240053,0.9
240056,0.94
240057,0.95
240059,0.85
240063,0.94
240064,0.89
240066,0.89
240069,0.8
240071,0.86
240075,0.82
240076,0.87
240078,0.95
240080,0.99
240084,0.91
240088,0.88
240093,0.97
240100,0.88
240101,0.85
240104,0.87
240106,0.98
240115,0.94
240132,0.91
240141,0.9
240166,0.85
240187,0.87
240196,NA
240206,NA
240207,0.9
240210,0.9
240213,0.89
240214,0.85
241300,NA
241301,NA
241302,NA
241303,NA
241304,NA
241305,NA
241306,NA
241308,NA
241309,NA
241311,NA
241312,NA
241313,NA
241314,NA
241315,NA
241316,NA
241317,NA
241318,NA
241319,NA
241320,NA
241321,NA
241322,NA
241323,NA
241325,NA
241326,NA
241327,NA
241328,NA
241329,NA
241330,NA
241332,NA
241333,NA
241334,NA
241335,NA
241336,NA
241337,NA
241338,NA
241339,NA
241340,NA
241341,NA
241342,NA
241343,NA
241344,NA
241345,NA
241346,NA
241347,NA
241348,NA
241349,NA
241350,NA
241351,NA
241352,NA
241353,NA
241354,NA
241355,NA
241356,NA
241357,NA
241358,NA
241359,NA
241360,NA
241361,NA
241362,NA
241363,NA
241364,NA
241365,NA
241366,NA
241367,NA
241368,NA
241369,NA
241370,NA
241371,NA
241372,NA
241373,NA
241374,NA
241375,NA
241376,NA
241377,NA
241378,NA
241379,NA
241380,NA
241381,NA
243300,NA
243302,NA
243303,NA
250001,1.02
250002,0.97
250004,1.01
250006,0.99
250007,0.98
250009,0.98
250012,0.99
250017,1.16
250018,NA
250019,1.07
250020,0.99
250025,0.99
250027,1.03
250031,1.07
250034,0.99
250036,0.89
250038,0.93
250040,0.98
250042,0.91
250043,0.87
250044,0.93
250048,1.02
250049,0.92
250050,1.01
250057,0.97
250058,0.86
250060,1.02
250061,0.78
250067,0.95
250069,1.22
250072,1.03
250077,0.96
250078,1
250079,0.8
250081,NA
250082,1.05
250084,1.1
250085,1.02
250093,0.99
250094,1.02
250095,0.85
250096,1.02
250097,0.95
250099,1.03
250100,0.97
250102,1.02
250104,1.05
250117,0.94
250123,0.98
250124,1.03
250126,0.97
250127,0.9
250128,0.99
250134,0.47
250136,NA
250138,1.02
250141,1
250151,0.92
250152,NA
250162,0.96
250163,NA
250167,0.93
250168,1.08
251300,NA
251302,NA
251303,NA
251304,NA
251305,NA
251306,NA
251307,NA
251308,NA
251309,NA
251312,NA
251313,NA
251314,NA
251315,NA
251316,NA
251317,NA
251318,NA
251319,NA
251320,NA
251322,NA
251323,NA
251324,NA
251325,NA
251326,NA
251327,NA
251329,NA
251330,NA
251331,NA
251333,NA
251334,NA
251335,NA
251336,NA
251337,NA
260001,0.99
260004,0.85
260005,1
260006,0.93
260009,0.84
260011,0.93
260015,0.96
260017,1.03
260020,0.99
260022,0.91
260023,1
260024,0.88
260025,0.94
260027,1
260032,0.99
260034,0.87
260040,0.96
260047,0.93
260048,0.95
260050,0.93
260052,0.91
260057,0.95
260059,0.89
260061,0.89
260062,1.02
260064,0.92
260065,0.97
260068,0.97
260070,0.94
260074,0.93
260077,0.96
260078,0.87
260080,0.96
260081,0.97
260085,0.98
260091,0.98
260094,0.96
260095,0.99
260096,1
260097,0.89
260102,0.83
260104,1.01
260105,1.02
260108,0.96
260110,0.99
260113,0.97
260119,0.97
260137,0.99
260138,1
260141,0.99
260142,0.85
260160,0.87
260162,0.84
260163,0.93
260175,0.97
260176,0.99
260177,1.03
260179,0.94
260180,1
260183,0.97
260186,0.9
260190,1.01
260191,0.93
260193,0.89
260195,0.92
260200,0.98
260209,0.85
260210,1.01
260214,0.94
260216,0.97
260219,0.91
260227,0.94
261301,NA
261302,NA
261303,NA
261305,NA
261306,NA
261307,NA
261308,NA
261309,NA
261310,NA
261311,NA
261312,NA
261313,NA
261314,NA
261315,NA
261316,NA
261317,NA
261318,NA
261319,NA
261320,NA
261321,NA
261322,NA
261323,NA
261324,NA
261325,NA
261327,NA
261328,NA
261329,NA
261330,NA
261331,NA
261332,NA
261333,NA
261334,NA
261335,NA
261336,NA
261337,NA
261338,NA
263301,NA
263302,NA
263303,NA
263304,NA
270003,0.85
270004,0.94
270012,0.99
270014,0.93
270017,0.92
270023,0.92
270032,0.78
270049,0.96
270051,0.95
270057,0.92
270074,0.72
270086,0.9
270087,0.83
270089,NA
271300,NA
271301,NA
271302,NA
271303,NA
271304,NA
271305,NA
271306,NA
271307,NA
271308,NA
271309,NA
271310,NA
271311,NA
271312,NA
271313,NA
271314,NA
271315,NA
271316,NA
271317,NA
271318,NA
271319,NA
271320,NA
271321,NA
271322,NA
271323,NA
271324,NA
271325,NA
271326,NA
271327,NA
271328,NA
271329,NA
271330,NA
271331,NA
271332,NA
271333,NA
271334,NA
271335,NA
271336,NA
271337,NA
271338,NA
271339,NA
271340,NA
271341,NA
271342,NA
271343,NA
271344,NA
271345,NA
271346,NA
271347,NA
280003,1
280009,1.03
280013,1.01
280020,0.99
280023,0.97
280032,0.99
280040,1.04
280060,1.01
280061,0.96
280065,0.95
280077,1
280081,1.02
280105,0.99
280111,0.97
280125,1.02
280127,0.88
280128,0.98
280129,0.96
280130,1
280131,0.85
280132,0.93
280133,0.92
280134,1.03
281300,NA
281301,NA
281302,NA
281303,NA
281304,NA
281305,NA
281306,NA
281307,NA
281308,NA
281309,NA
281310,NA
281311,NA
281312,NA
281313,NA
281314,NA
281315,NA
281316,NA
281318,NA
281319,NA
281320,NA
281321,NA
281322,NA
281323,NA
281324,NA
281325,NA
281326,NA
281327,NA
281328,NA
281329,NA
281330,NA
281331,NA
281332,NA
281333,NA
281334,NA
281335,NA
281336,NA
281338,NA
281339,NA
281340,NA
281341,NA
281342,NA
281343,NA
281344,NA
281345,NA
281346,NA
281347,NA
281348,NA
281349,NA
281350,NA
281351,NA
281352,NA
281353,NA
281354,NA
281355,NA
281356,NA
281357,NA
281358,NA
281359,NA
281360,NA
281361,NA
281362,NA
281363,NA
281364,NA
281365,NA
283300,NA
283301,NA
290001,1
290003,1.15
290005,1.06
290007,1.12
290008,0.91
290009,0.9
290012,1.07
290019,0.94
290021,1.1
290022,1.1
290032,0.92
290039,1.1
290041,1.11
290042,NA
290045,1.08
290046,1.1
290047,1.06
290049,0.87
290053,1.07
290054,1.02
290056,NA
290057,NA
291300,NA
291301,NA
291302,NA
291303,NA
291304,NA
291306,NA
291307,NA
291308,NA
291309,NA
291311,NA
291312,NA
291313,NA
291314,NA
300001,0.99
300003,1.03
300005,1.02
300011,1.02
300012,1.03
300014,0.98
300017,1.06
300018,1.02
300019,0.97
300020,1.01
300023,0.98
300029,1.02
300034,1.01
301300,NA
301301,NA
301302,NA
301303,NA
301304,NA
301305,NA
301306,NA
301307,NA
301308,NA
301309,NA
301310,NA
301311,NA
301312,NA
310001,1.07
310002,1.06
310003,1.02
310005,1.01
310006,1.04
310008,1.05
310009,1.13
310010,1.05
310011,1.01
310012,1.05
310014,1.02
310015,1.04
310016,1.08
310017,1.1
310019,1.07
310021,1.07
310022,1.03
310024,1.16
310025,1.07
310027,1.17
310028,1.05
310029,0.99
310031,1
310032,1.06
310034,1.05
310038,1.07
310039,1.08
310040,1.11
310041,1.11
310044,1.06
310045,1.04
310047,1.01
310048,1.06
310050,0.97
310051,1.02
310052,1.11
310054,1.06
310057,1.03
310058,1.02
310060,0.94
310061,1.03
310064,1.03
310069,1.03
310070,1.05
310073,1.07
310074,1.05
310075,1.13
310076,1.06
310081,1.04
310083,1.15
310084,1.15
310086,1.02
310091,1.08
310092,1.11
310096,0.98
310108,1.12
310110,1.13
310111,1.09
310112,1.06
310113,1
310115,1.06
310118,1.17
310119,1.11
310130,1.03
313300,NA
313302,NA
320001,1.03
320002,0.94
320003,0.73
320004,1
320005,0.95
320006,0.93
320009,0.97
320011,0.88
320016,0.88
320017,0.94
320018,1.01
320021,0.96
320022,0.93
320030,0.89
320033,0.89
320038,0.82
320057,NA
320058,NA
320059,0.74
320060,0.76
320061,0.79
320062,0.74
320063,0.89
320065,0.87
320067,0.8
320070,NA
320074,0.87
320084,0.96
320085,1.01
320086,1.01
320089,0.92
321300,NA
321301,NA
321302,NA
321304,NA
321305,NA
321306,NA
321307,NA
321308,NA
321309,NA
321310,0.88
330003,0.94
330004,1.04
330005,0.96
330006,1.05
330008,0.9
330009,0.88
330011,0.89
330013,0.99
330014,1.03
330019,1.03
330023,0.97
330024,0.98
330027,1.08
330028,1
330030,0.9
330033,0.88
330043,1.04
330044,1.01
330045,1.03
330046,0.99
330047,0.94
330049,0.95
330055,1.02
330056,1
330057,0.94
330058,0.91
330059,0.97
330061,1.04
330065,0.95
330073,0.83
330074,0.92
330078,0.99
330079,0.89
330080,1.02
330084,0.76
330085,0.9
330086,1.16
330088,0.95
330090,0.98
330094,1.03
330096,0.9
330100,NA
330101,1
330102,1
330103,0.96
330104,1.1
330106,1
330107,1.05
330108,1.02
330111,0.95
330115,0.9
330119,1
330125,0.93
330126,1.01
330127,1
330128,1.07
330132,0.98
330135,0.89
330136,0.97
330140,0.97
330141,1.08
330144,0.9
330151,0.85
330153,0.9
330157,0.9
330158,1.08
330160,1.01
330162,0.97
330163,0.97
330164,0.92
330166,NA
330167,1.01
330169,1.01
330175,0.88
330180,0.95
330181,1.13
330182,1.03
330184,1.05
330185,1.02
330188,0.97
330191,1
330193,1.13
330194,1.02
330195,1.02
330196,1.1
330197,0.87
330198,1.04
330199,0.95
330201,1.03
330202,1
330203,0.96
330204,0.94
330205,1.01
330208,1
330211,0.94
330214,1.03
330215,0.95
330218,0.96
330219,0.97
330221,0.98
330222,0.9
330223,0.81
330224,1.02
330226,0.92
330229,0.96
330231,0.95
330232,1.01
330233,0.97
330234,1.08
330235,0.95
330236,1.05
330238,0.88
330239,0.96
330240,1.03
330241,1.01
330245,1.01
330246,1.07
330250,0.96
330259,1.18
330261,1
330264,1.01
330265,0.86
330267,1.03
330268,0.83
330270,0.99
330273,1
330276,0.91
330277,0.88
330279,1
330285,0.94
330286,1.07
330304,1.04
330307,0.92
330331,1.04
330332,1.1
330340,0.96
330350,1.01
330385,0.86
330386,1.01
330387,NA
330393,0.98
330394,0.91
330395,1.07
330396,0.95
330397,0.99
330399,0.96
330401,1.06
330403,NA
330405,NA
330406,0.91
330408,NA
330409,NA
331301,NA
331302,NA
331303,NA
331304,NA
331305,NA
331306,NA
331307,NA
331309,NA
331310,NA
331311,NA
331312,NA
331313,NA
331314,NA
331315,NA
331316,NA
331317,NA
331318,NA
331319,NA
333301,NA
340001,0.99
340002,0.98
340003,0.89
340004,0.99
340008,0.9
340010,0.93
340013,0.95
340014,0.98
340015,1.03
340016,0.93
340017,0.96
340020,0.91
340021,1.02
340023,0.95
340024,0.87
340027,0.96
340028,0.95
340030,0.95
340032,0.95
340037,0.9
340039,0.93
340040,0.95
340041,0.99
340042,0.94
340047,0.98
340049,0.85
340050,0.91
340051,0.94
340053,0.99
340060,0.96
340061,0.97
340064,0.93
340068,0.91
340069,1.03
340070,0.91
340071,0.94
340073,0.96
340075,0.95
340084,0.84
340085,1.02
340087,0.94
340090,0.96
340091,0.91
340096,0.89
340097,0.98
340098,0.96
340099,0.93
340106,0.88
340107,0.95
340109,0.92
340113,0.99
340114,0.94
340115,0.93
340116,0.96
340119,0.92
340120,0.85
340123,0.93
340126,0.95
340127,0.94
340129,0.94
340130,1
340131,0.92
340132,0.94
340133,0.95
340141,0.97
340142,0.93
340143,1.01
340144,0.93
340145,0.98
340147,0.97
340148,0.93
340151,0.94
340155,0.95
340156,0.69
340158,0.92
340159,0.89
340166,0.95
340168,NA
340171,0.94
340173,0.96
340183,0.98
340184,0.97
340186,0.9
340187,NA
340188,0.81
341302,NA
341303,NA
341304,NA
341305,NA
341307,NA
341311,NA
341314,NA
341315,NA
341316,NA
341317,NA
341318,NA
341319,NA
341320,NA
341322,NA
341323,NA
341324,NA
341325,NA
341326,NA
341327,NA
341328,NA
341329,NA
350002,0.87
350006,0.96
350011,0.97
350015,0.89
350019,0.99
350063,0.71
350064,NA
350070,0.95
351300,NA
351301,NA
351302,NA
351303,NA
351304,NA
351305,NA
351306,NA
351307,NA
351308,NA
351309,NA
351310,NA
351311,NA
351312,NA
351313,NA
351314,NA
351315,NA
351316,NA
351318,NA
351319,NA
351320,NA
351321,NA
351322,NA
351323,NA
351324,NA
351325,NA
351326,NA
351327,NA
351328,NA
351329,NA
351330,NA
351331,NA
351332,NA
351333,NA
351334,NA
351335,NA
351336,NA
360001,0.99
360002,0.93
360003,1.03
360006,1.01
360008,1.1
360009,1.01
360010,1.01
360011,1.01
360012,0.99
360013,1.16
360014,0.88
360016,1
360017,1.02
360020,1.04
360025,1.08
360026,0.99
360027,1.01
360029,1
360032,0.95
360035,0.99
360036,0.96
360037,1.01
360039,0.98
360040,1.02
360041,1.05
360044,1.05
360046,0.9
360048,1.05
360051,1.02
360052,1.06
360054,1.09
360055,1.06
360056,0.97
360058,1.03
360059,1.01
360064,1.06
360065,0.9
360066,1
360068,0.99
360070,1.04
360071,1.01
360072,0.99
360074,1.03
360075,0.99
360076,1.03
360077,1.02
360078,0.96
360079,1.03
360080,1.07
360081,1.02
360082,1.05
360084,1.02
360085,1
360086,1.06
360087,0.94
360089,0.94
360090,0.98
360091,1
360092,0.95
360095,0.97
360096,0.91
360098,1.01
360107,1.04
360109,0.88
360112,1.05
360118,1
360121,1.13
360123,0.98
360125,1.01
360131,1.04
360132,1.02
360133,1.04
360134,0.97
360137,1.04
360141,1.03
360143,1.04
360144,1.03
360145,1.03
360147,0.98
360148,0.93
360150,1.08
360151,1.04
360152,0.96
360153,0.91
360155,0.98
360156,0.99
360159,0.99
360161,1.08
360163,0.98
360170,1.01
360172,1.1
360174,1.03
360175,1
360179,1.02
360180,0.98
360185,1.06
360189,0.98
360192,1.04
360197,1.03
360203,0.94
360210,0.96
360211,1.09
360218,0.92
360230,0.98
360234,1.05
360236,0.96
360239,0.99
360241,NA
360245,0.86
360247,NA
360259,0.99
360261,NA
360262,0.98
360263,0.96
360266,0.91
360270,0.94
360274,1.09
360276,1.04
360348,0.99
360351,0.96
360352,1
360354,1.04
360355,1
360358,NA
360359,1
360360,1.02
360361,1.17
360362,0.92
360364,NA
360365,NA
361300,NA
361301,NA
361302,NA
361303,NA
361304,NA
361306,NA
361307,NA
361308,NA
361309,NA
361310,NA
361311,NA
361312,NA
361313,NA
361314,NA
361315,NA
361316,NA
361318,NA
361319,NA
361320,NA
361321,NA
361322,NA
361323,NA
361324,NA
361325,NA
361326,NA
361327,NA
361328,NA
361329,NA
361330,NA
361331,NA
361332,NA
361333,NA
361334,NA
363300,NA
363302,NA
363303,NA
363304,NA
363305,NA
363306,NA
363308,NA
370001,0.99
370002,0.95
370004,0.94
370006,0.94
370008,1.01
370011,1.04
370013,1.09
370014,1.01
370015,0.89
370016,0.95
370018,1.01
370019,0.9
370020,0.98
370022,0.92
370023,0.91
370025,1.07
370026,0.96
370028,1.01
370029,0.87
370030,0.94
370032,1.07
370034,0.94
370037,0.99
370039,0.99
370041,1.21
370047,1
370048,1.03
370049,0.97
370054,0.86
370056,0.95
370057,0.99
370072,0.92
370078,1.01
370080,0.78
370083,0.91
370089,0.95
370091,0.99
370093,1.03
370094,1
370097,0.98
370099,1.05
370100,1.04
370106,1.04
370112,0.91
370113,0.99
370114,0.98
370138,0.92
370139,0.84
370149,0.95
370153,0.88
370156,0.92
370158,0.96
370166,0.93
370170,0.64
370171,0.83
370172,0.76
370173,0.78
370178,0.77
370180,0.89
370183,0.87
370190,1.14
370192,0.99
370199,NA
370201,0.87
370202,0.97
370203,0.97
370206,0.93
370210,0.89
370211,0.97
370212,0.95
370214,NA
370215,0.97
370216,0.93
370218,0.96
370220,1.06
370222,0.92
370225,0.97
370227,0.81
370228,0.97
370229,1
370233,NA
370234,0.95
370235,0.97
370236,1.09
370237,NA
371300,NA
371301,NA
371302,NA
371303,NA
371304,NA
371305,NA
371306,NA
371307,NA
371309,NA
371310,NA
371311,NA
371312,NA
371313,NA
371314,NA
371316,NA
371317,NA
371318,NA
371319,NA
371320,NA
371321,NA
371322,NA
371323,NA
371324,NA
371325,NA
371326,NA
371327,NA
371328,NA
371329,NA
371330,NA
371331,NA
371332,NA
371333,NA
371334,NA
371335,NA
371336,NA
371337,NA
371338,NA
373300,NA
380001,0.86
380002,0.87
380004,0.91
380005,0.9
380007,0.97
380009,1.01
380014,0.96
380017,0.93
380018,0.93
380020,0.89
380021,0.93
380022,0.9
380025,0.89
380027,0.87
380029,0.88
380033,0.8
380037,0.82
380038,0.88
380040,0.89
380047,0.92
380050,0.84
380051,0.93
380052,0.97
380056,0.95
380060,0.86
380061,0.94
380071,0.87
380075,0.89
380082,0.92
380089,0.91
380090,0.88
380091,0.91
380102,0.89
380103,0.76
381301,NA
381302,NA
381303,NA
381304,NA
381305,NA
381306,NA
381307,NA
381308,NA
381309,NA
381310,NA
381311,NA
381312,NA
381313,NA
381314,NA
381315,NA
381316,NA
381317,NA
381318,NA
381319,NA
381320,NA
381321,NA
381322,NA
381323,NA
381324,NA
381325,NA
383300,NA
390001,1.07
390002,1.02
390003,0.88
390004,1.07
390006,1.06
390008,0.94
390009,1.01
390012,0.97
390013,0.94
390016,1.08
390019,NA
390025,0.63
390026,1.04
390027,1
390028,1.07
390030,1.02
390031,1.09
390032,1.13
390035,0.97
390036,1
390037,1.05
390039,0.97
390041,1
390042,1.01
390044,1.03
390045,0.98
390046,1.05
390048,1.02
390049,0.96
390050,1.05
390052,1
390056,0.97
390057,0.97
390058,1.03
390061,0.98
390062,0.96
390063,1.03
390065,0.96
390066,1
390067,0.99
390068,1.02
390070,0.97
390071,0.95
390072,1.08
390073,1.09
390076,1.02
390079,0.96
390080,0.98
390081,1.1
390084,0.93
390086,0.99
390090,1.04
390091,0.93
390093,1.02
390096,1.04
390097,1.01
390100,1
390101,1.12
390102,1.06
390104,0.94
390107,1.04
390110,1.03
390111,1.02
390112,0.92
390113,0.93
390114,0.95
390115,1.01
390116,1.02
390117,0.96
390118,0.98
390119,1.09
390123,1.03
390125,1.03
390127,1.04
390130,0.95
390133,1
390137,1.16
390138,0.85
390139,1
390142,1.03
390145,1.02
390146,0.89
390147,1.02
390150,0.99
390151,0.91
390153,1.02
390156,1.02
390157,1.21
390160,0.99
390162,1.02
390163,0.98
390164,1.02
390168,1
390173,1
390174,1.01
390178,0.95
390179,0.96
390180,1.07
390183,0.96
390184,0.9
390185,1.01
390192,0.95
390194,0.99
390195,0.99
390197,1.07
390198,1.06
390199,0.91
390201,0.97
390203,0.97
390204,1.01
390211,0.96
390217,1.05
390219,1.04
390220,1.07
390222,0.97
390223,1
390225,0.99
390226,1.01
390228,1.03
390231,0.98
390233,1.03
390236,0.92
390237,1.06
390256,1.01
390258,1.04
390263,0.98
390265,1.08
390266,0.96
390267,1.12
390268,0.99
390270,1.1
390272,0.7
390278,0.73
390290,1
390302,NA
390304,1.02
390307,NA
390312,1.25
390314,0.9
390316,0.94
390321,0.91
390322,0.82
390323,0.94
390324,0.85
390325,1
390326,0.95
390327,0.96
390328,0.99
390329,1.01
390330,0.87
391300,NA
391301,NA
391302,NA
391303,NA
391304,NA
391305,NA
391306,NA
391307,NA
391308,NA
391309,NA
391312,NA
391313,NA
391314,NA
391315,NA
391316,NA
393302,NA
393303,NA
393304,NA
393307,NA
393308,NA
393309,NA
400001,NA
400003,NA
400004,NA
400005,NA
400006,NA
400007,NA
400009,NA
400010,NA
400011,NA
400012,NA
400013,NA
400014,NA
400015,NA
400016,NA
400018,NA
400019,NA
400021,NA
400022,NA
400026,NA
400032,NA
400044,NA
400048,NA
400061,NA
400079,NA
400087,NA
400098,NA
400102,NA
400103,NA
400104,NA
400105,NA
400106,NA
400109,NA
400110,NA
400111,NA
400112,NA
400113,NA
400114,NA
400115,NA
400117,NA
400118,NA
400120,NA
400121,NA
400122,NA
400123,NA
400124,NA
400125,NA
400126,NA
400127,NA
400128,NA
400130,NA
400131,NA
400133,NA
403301,NA
410001,1.02
410004,0.96
410005,1.02
410006,1
410007,1
410008,0.95
410009,0.99
410010,0.94
410011,0.94
410012,0.96
410013,0.97
420002,1.06
420004,1
420005,0.89
420007,1.03
420009,1.01
420010,0.93
420011,1.13
420015,1.04
420018,1
420019,0.99
420020,0.93
420023,1
420026,0.99
420027,1.07
420030,0.95
420033,0.87
420036,0.94
420037,0.9
420038,0.94
420043,0.96
420048,0.98
420049,0.95
420051,0.95
420053,0.95
420055,0.91
420057,0.94
420065,0.99
420066,0.95
420067,0.96
420068,0.98
420070,0.95
420071,1.07
420072,0.86
420073,0.95
420078,1
420079,0.99
420080,0.99
420082,0.99
420083,1.07
420085,0.95
420086,0.95
420087,0.99
420089,1
420091,0.95
420098,0.96
420101,1.03
420102,0.85
420103,1
420104,0.91
420105,0.89
420106,0.99
420107,0.83
420108,1.02
420109,0.67
421300,NA
421301,NA
421302,NA
421303,NA
421304,NA
423300,NA
430005,0.92
430008,0.81
430012,0.93
430013,0.97
430014,0.94
430015,0.81
430016,0.98
430027,1.01
430048,0.88
430077,1.02
430081,0.75
430082,NA
430083,NA
430084,0.69
430089,0.86
430090,0.9
430091,0.92
430093,NA
430095,0.99
430097,0.93
431300,NA
431301,NA
431302,NA
431305,NA
431306,NA
431307,NA
431308,NA
431309,NA
431310,NA
431311,NA
431312,NA
431313,NA
431314,NA
431315,NA
431316,NA
431317,NA
431318,NA
431319,NA
431320,NA
431321,NA
431322,NA
431323,NA
431324,NA
431325,NA
431326,NA
431327,NA
431328,NA
431329,NA
431330,NA
431331,NA
431332,NA
431333,NA
431334,NA
431335,NA
431336,NA
431337,NA
431338,NA
431339,NA
433300,NA
440001,0.95
440002,1.07
440003,1.02
440006,1.02
440007,1.06
440008,1.09
440009,0.95
440010,0.95
440011,0.96
440012,1
440015,0.97
440016,1.08
440017,1.04
440018,1.08
440020,1.02
440025,0.93
440029,0.99
440030,1.01
440031,0.95
440032,0.91
440033,1.07
440034,0.94
440035,1
440039,0.98
440040,0.88
440046,1.03
440048,1.02
440049,1.01
440050,0.95
440053,0.98
440056,1.04
440057,0.91
440058,0.98
440059,1
440060,1
440061,1.21
440063,1.02
440065,0.99
440067,1.11
440068,1.05
440070,1
440072,1.02
440073,0.98
440081,0.95
440082,1.02
440083,0.97
440084,1.02
440091,0.96
440102,1.06
440104,1.02
440109,1
440110,0.95
440111,0.95
440120,0.99
440125,0.95
440130,1.07
440131,0.96
440132,1.05
440133,1
440137,1.01
440144,1.06
440148,1.02
440150,1.02
440151,1.07
440152,1.01
440153,0.92
440156,1.01
440159,1.32
440161,1.02
440173,0.96
440175,1.04
440176,1
440180,0.87
440181,1.02
440182,1.1
440183,1.02
440184,0.96
440185,1.01
440187,1.02
440189,1.02
440192,0.96
440193,1.05
440194,0.96
440197,1.02
440200,1.02
440218,0.88
440227,1
440228,1
440231,1.32
440232,1.17
441300,NA
441301,NA
441303,NA
441304,NA
441305,NA
441306,NA
441307,NA
441309,NA
441310,NA
441311,NA
441313,NA
441314,NA
441315,NA
441316,NA
441319,NA
443302,NA
443303,NA
450002,1.04
450007,1.07
450010,1.08
450011,1.01
450015,0.92
450018,1.02
450021,1.06
450023,1.1
450024,1.04
450028,1.1
450029,1.01
450032,0.99
450033,1.04
450034,1.07
450035,1.05
450037,1.02
450039,1.03
450040,1.06
450042,0.99
450044,0.98
450046,1.08
450051,1.03
450054,0.97
450055,1.05
450056,1.06
450058,1.04
450064,1.13
450068,1.04
450072,0.97
450078,0.82
450079,1.02
450080,1.07
450082,1.05
450083,1.07
450085,1.03
450087,1.1
450090,1.08
450092,1.15
450097,1.08
450099,0.93
450101,1.03
450102,1.08
450104,1.13
450107,1.03
450108,1.02
450119,1.07
450124,1.08
450128,0.95
450130,1.01
450132,1.05
450133,1.11
450135,1.09
450137,1.07
450143,0.91
450144,0.74
450147,1.08
450148,1.06
450152,0.98
450154,0.9
450155,0.9
450162,0.95
450163,1.05
450165,1.06
450176,1.07
450184,1.07
450187,0.9
450192,0.93
450193,1.02
450194,1.13
450196,1.09
450200,1.08
450203,1.17
450209,1.09
450210,1.11
450211,1.04
450213,1.07
450219,1.07
450222,1.08
450229,1.03
450231,1.05
450235,1.04
450236,0.99
450237,1.07
450241,0.93
450243,0.74
450253,NA
450271,1.12
450272,1.07
450280,1.1
450289,0.95
450292,1.1
450293,0.94
450299,0.99
450306,1.06
450324,1.04
450330,1.1
450340,1.02
450346,1.03
450347,1.08
450348,1.02
450351,1.02
450352,1.15
450358,1
450369,0.96
450370,1.03
450372,1.06
450379,1.15
450388,1.04
450389,1.05
450395,1.05
450399,0.78
450400,0.98
450403,1.14
450411,1.15
450419,1.11
450422,0.99
450424,1.06
450431,1.06
450447,1.01
450451,1.16
450460,1.02
450462,1.1
450465,1.08
450469,1.09
450475,1.06
450484,0.99
450488,NA
450489,0.85
450498,1.04
450508,1.11
450518,1.14
450537,1.18
450539,1
450558,1.05
450563,1.03
450565,1.11
450571,0.99
450573,0.99
450578,0.67
450580,0.99
450584,0.99
450586,0.93
450587,1.06
450596,1.04
450597,1.18
450604,0.96
450605,1.14
450610,1.01
450617,1.08
450620,0.94
450634,1.06
450638,1.14
450639,1.07
450641,1.02
450643,1.02
450644,1.14
450647,1.05
450651,1.13
450653,1.01
450654,0.92
450656,1.05
450658,1.02
450659,1.16
450661,1.04
450662,1.03
450668,1.04
450669,1.12
450670,1.18
450672,1.07
450674,0.98
450675,1.1
450677,1.06
450678,1.1
450684,1.04
450686,1.04
450688,1.05
450690,0.93
450694,0.95
450697,1.05
450698,0.89
450702,0.99
450709,1.17
450711,0.96
450713,1.04
450716,1.18
450718,1.05
450723,1.13
450730,1.11
450742,1.07
450743,1.09
450746,0.86
450747,1.03
450749,NA
450754,1.04
450755,0.95
450766,1.05
450771,1.1
450774,1
450775,1.08
450779,1.05
450780,0.95
450788,1.03
450797,1.07
450801,1.09
450803,1.19
450804,0.94
450808,1.05
450809,1.06
450820,1.06
450822,1.05
450825,0.88
450827,1.08
450828,1.17
450831,NA
450833,1.11
450834,0.91
450840,1.08
450844,1.09
450845,0.91
450847,1.02
450848,0.99
450851,1
450853,1.08
450855,1.01
450856,0.97
450860,0.84
450862,1.14
450864,0.89
450865,NA
450867,1.01
450869,1.01
450871,1.02
450872,1.03
450874,1.03
450875,0.95
450876,0.96
450877,1.12
450880,1.15
450883,1.05
450885,1.12
450888,1.1
450889,1.19
450890,1.06
450891,0.94
450893,1.39
450894,1.1
451300,NA
451301,NA
451303,NA
451304,NA
451305,NA
451306,NA
451307,NA
451308,NA
451309,NA
451310,NA
451311,NA
451312,NA
451313,NA
451314,NA
451315,NA
451316,NA
451317,NA
451318,NA
451319,NA
451320,NA
451322,NA
451323,NA
451324,NA
451325,NA
451326,NA
451328,NA
451329,NA
451330,NA
451331,NA
451332,NA
451333,NA
451334,NA
451335,NA
451337,NA
451338,NA
451339,NA
451340,NA
451341,NA
451342,NA
451343,NA
451344,NA
451345,NA
451346,NA
451347,NA
451348,NA
451349,NA
451350,NA
451351,NA
451352,NA
451353,NA
451354,NA
451355,NA
451356,NA
451357,NA
451358,NA
451359,NA
451360,NA
451361,NA
451362,NA
451363,NA
451364,NA
451365,NA
451366,NA
451367,NA
451369,NA
451370,NA
451371,NA
451372,NA
451373,NA
451374,NA
451375,NA
451376,NA
451377,NA
451378,NA
451379,NA
451380,NA
451381,NA
451382,NA
451384,NA
451385,NA
451386,NA
451387,NA
453300,NA
453301,NA
453302,NA
453304,NA
453306,NA
453308,NA
453309,NA
453310,NA
453311,NA
453312,NA
453313,NA
453314,NA
453315,NA
453316,NA
460001,1.04
460003,1.02
460004,0.99
460005,1.04
460006,0.97
460007,0.84
460009,1.03
460010,0.99
460011,0.99
460013,1.03
460014,1.04
460015,0.94
460017,0.99
460019,0.94
460021,0.94
460023,0.97
460026,1.04
460030,0.87
460039,1.01
460041,1.05
460042,0.97
460043,NA
460044,0.91
460047,1.04
460049,0.95
460051,1.02
460052,1.04
460054,0.97
460057,0.97
460058,1
460060,1.02
461300,NA
461301,NA
461302,NA
461303,NA
461304,NA
461305,NA
461306,NA
461307,NA
461308,NA
461309,NA
461310,NA
461333,NA
461335,NA
463301,NA
463302,NA
470001,0.91
470003,1
470005,0.95
470011,0.89
470012,0.91
470024,0.92
471300,NA
471301,NA
471302,NA
471303,NA
471304,NA
471305,NA
471306,NA
471307,NA
480001,NA
480002,NA
490001,0.93
490002,0.93
490004,0.91
490005,0.96
490007,0.97
490009,1.02
490011,1.02
490013,0.9
490017,0.96
490018,0.9
490019,0.94
490020,0.99
490021,0.96
490022,0.98
490023,0.98
490024,0.99
490032,0.99
490033,0.86
490037,0.89
490038,0.9
490040,0.97
490041,0.91
490042,0.92
490043,1
490044,0.94
490045,0.98
490046,0.94
490048,1.03
490050,0.95
490052,0.97
490053,0.94
490057,0.97
490059,1
490060,0.89
490063,0.98
490066,0.88
490067,0.99
490069,0.97
490075,0.97
490077,0.93
490079,0.97
490084,0.88
490088,0.87
490089,0.86
490090,0.94
490092,0.83
490093,0.94
490094,0.93
490097,0.98
490098,0.95
490101,0.96
490104,NA
490107,0.98
490110,0.95
490111,0.98
490112,0.99
490113,0.94
490114,0.99
490115,0.95
490116,0.95
490117,1
490118,1.02
490119,0.93
490120,0.95
490122,0.93
490126,0.92
490127,0.91
490129,NA
490130,0.84
490136,1.02
490140,1.01
490141,0.98
490143,0.92
490144,1.01
490145,1.03
491300,NA
491302,NA
491303,NA
491304,NA
491305,NA
491306,NA
491307,NA
491308,NA
493300,NA
493301,NA
493302,NA
500001,0.94
500002,0.93
500003,0.98
500005,0.96
500007,0.93
500008,1.01
500011,0.99
500012,0.95
500014,0.94
500015,0.98
500016,0.89
500019,0.84
500021,0.92
500024,0.94
500025,0.99
500026,0.94
500027,0.95
500030,0.92
500031,0.97
500033,0.89
500036,0.91
500037,0.84
500039,0.96
500041,0.91
500044,0.99
500049,0.86
500050,0.91
500051,0.92
500052,NA
500053,0.95
500054,0.98
500058,0.95
500060,0.9
500064,1.07
500072,0.94
500077,0.99
500079,0.94
500084,0.93
500088,0.92
500108,0.96
500119,0.99
500124,0.97
500129,0.94
500139,0.92
500141,0.95
500148,NA
500150,0.88
500151,0.94
500152,0.93
501301,NA
501302,NA
501303,NA
501304,NA
501305,NA
501307,NA
501308,NA
501309,NA
501310,NA
501311,NA
501312,NA
501313,NA
501314,NA
501315,NA
501316,NA
501317,NA
501318,NA
501319,NA
501320,NA
501321,NA
501322,NA
501323,NA
501324,NA
501325,NA
501326,NA
501327,NA
501328,NA
501329,NA
501330,NA
501331,NA
501332,NA
501333,NA
501334,NA
501335,NA
501336,NA
501337,NA
501338,NA
501339,NA
501340,NA
503300,NA
503301,NA
503302,NA
510001,1.04
510002,0.96
510006,0.95
510007,1
510008,0.96
510012,0.91
510013,1.01
510022,0.98
510023,1.04
510024,1
510029,0.93
510030,0.82
510031,1.03
510038,0.87
510039,1.02
510046,1
510047,0.97
510048,0.97
510050,1.02
510055,0.96
510058,1.02
510062,0.93
510070,1.02
510071,0.97
510072,0.92
510077,0.9
510082,0.89
510086,0.94
510091,0.84
511300,NA
511301,NA
511303,NA
511304,NA
511306,NA
511307,NA
511308,NA
511309,NA
511310,NA
511311,NA
511312,NA
511313,NA
511314,NA
511315,NA
511316,NA
511317,NA
511318,NA
511319,NA
511320,NA
511321,NA
520002,0.84
520004,0.92
520008,1.02
520009,0.93
520011,0.9
520013,0.98
520017,0.87
520019,0.83
520021,0.98
520027,0.94
520028,0.94
520030,0.93
520033,0.83
520034,0.88
520035,0.9
520037,0.97
520038,0.89
520041,0.88
520044,0.92
520045,0.97
520048,0.93
520049,0.96
520051,0.96
520057,0.89
520059,0.95
520062,0.96
520063,0.9
520066,0.93
520070,1.01
520071,0.9
520075,0.97
520076,0.96
520078,0.96
520083,0.95
520087,0.95
520088,0.9
520089,0.94
520091,0.85
520095,0.88
520096,0.97
520097,0.93
520098,0.95
520100,0.98
520102,0.98
520103,1
520107,0.95
520109,0.91
520113,0.88
520116,0.91
520136,0.99
520138,0.98
520139,1.01
520160,0.94
520177,0.98
520189,1.01
520193,0.96
520194,0.85
520195,NA
520196,0.96
520198,0.93
520202,0.95
520204,0.92
520205,0.97
520206,0.97
520207,0.94
520208,1.01
521300,NA
521302,NA
521303,NA
521304,NA
521305,NA
521307,NA
521308,NA
521309,NA
521310,NA
521311,NA
521312,NA
521313,NA
521314,NA
521315,NA
521316,NA
521317,NA
521318,NA
521319,NA
521320,NA
521321,NA
521322,NA
521323,NA
521324,NA
521325,NA
521326,NA
521327,NA
521328,NA
521329,NA
521330,NA
521331,NA
521332,NA
521333,NA
521334,NA
521335,NA
521336,NA
521337,NA
521338,NA
521339,NA
521340,NA
521341,NA
521342,NA
521343,NA
521344,NA
521345,NA
521346,NA
521347,NA
521348,NA
521349,NA
521350,NA
521351,NA
521352,NA
521353,NA
521354,NA
521355,NA
521356,NA
521357,NA
521358,NA
521359,NA
523300,NA
523302,NA
530002,0.96
530006,0.91
530008,0.82
530011,0.91
530012,1.02
530014,1.03
530015,0.86
530025,0.9
530032,1.03
530033,1
530034,NA
530035,NA
531301,NA
531302,NA
531303,NA
531304,NA
531305,NA
531306,NA
531307,NA
531308,NA
531309,NA
531310,NA
531311,NA
531312,NA
531313,NA
531314,NA
531315,NA
531316,NA
640001,NA
650001,NA
650003,NA
660001,NA
670004,1.03
670005,1.17
670006,1.04
670008,1.01
670010,NA
670023,1.16
670024,1.12
670025,1.02
670031,1.21
670034,1
670041,1.08
670043,0.99
670044,1.08
670045,NA
670046,1.13
670047,0.99
670049,1.03
670053,1.19
670054,1.05
670055,1.1
670056,1.07
670058,NA
670059,1.17
670060,1.1
670061,0.98
670062,0.6
670067,0.99
670068,1.02
670069,1.11
670071,1.09
670073,0.99
670075,1.12
670076,1.36
670077,1.02
670078,0.68
670080,0.98
670082,1.1
670083,1.52
670085,1.07
670087,NA
670088,0.95
670090,1.7
670092,1.19
670093,NA
670094,NA
670095,NA
670096,1.21
670097,NA
670098,1.26
670099,NA
670102,NA
670103,1.06
670106,1.15
670107,NA
670108,1.05
670109,NA
670110,1.02
670112,1.13
670113,NA
670114,0.9
670115,NA
670116,NA
670117,NA
670118,NA
670119,NA
670120,NA
